{"cameraMode":{"drawMode":0,"name":"Shaded","section":"Shading Mode"},"sceneLighting":true,"audioPlay":false,"sceneViewState":{"showFog":true,"showMaterialUpdate":false,"showSkybox":true,"showFlares":true,"showImageEffects":true,"showParticleSystems":true},"in2DMode":false,"pivot":{"x":-9.452862739562989,"y":-12.18382740020752,"z":12.249458312988282},"rotation":{"x":-0.2707555890083313,"y":0.15313075482845307,"z":-0.043666157871484759,"w":-0.9494059681892395},"size":24.955490112304689,"orthographic":false}